,battery_power,clock_speed,fc,int_memory,m_dep
0,0.36224149432955305,0.52,0.7368421052631579,0.04838709677419355,0.0
1,0.2274849899933289,0.0,0.21052631578947367,0.9516129032258065,0.7777777777777778
2,0.8719146097398266,0.9199999999999999,0.05263157894736842,0.4032258064516129,0.888888888888889
3,0.6977985323549033,0.0,0.9473684210526315,0.3709677419354839,0.4444444444444445
4,0.6230820547031354,0.36,0.5789473684210527,0.7580645161290323,0.4444444444444445
5,0.6430953969312875,0.96,0.2631578947368421,0.7741935483870968,0.7777777777777778
6,0.8125416944629753,0.76,0.05263157894736842,0.7258064516129032,1.0
7,0.22214809873248834,0.76,0.0,0.967741935483871,0.7777777777777778
8,0.4076050700466978,0.96,0.47368421052631576,0.3709677419354839,0.5555555555555556
9,0.6804536357571714,0.0,0.05263157894736842,0.3709677419354839,0.4444444444444445
10,0.66711140760507,0.68,0.10526315789473684,0.8548387096774194,0.5555555555555556
11,0.5623749166110741,0.96,0.10526315789473684,0.5161290322580645,0.7777777777777778
12,0.266844563042028,0.36,0.0,0.45161290322580644,1.0
13,0.4603068712474983,0.68,0.2631578947368421,0.27419354838709675,0.888888888888889
14,0.0867244829886591,0.52,0.42105263157894735,0.7903225806451613,0.888888888888889
15,0.8979319546364243,0.2,0.2631578947368421,0.8225806451612904,0.6666666666666666
16,0.9906604402935291,0.0,0.7368421052631579,0.3870967741935484,1.0
17,0.361574382921948,0.96,0.2631578947368421,0.7419354838709677,0.11111111111111112
18,0.4876584389593062,0.48,0.10526315789473684,0.5645161290322581,0.11111111111111112
19,0.6591060707138092,0.8400000000000001,0.47368421052631576,0.5645161290322581,0.6666666666666666
20,0.3122081387591728,0.039999999999999994,0.42105263157894735,0.08064516129032258,0.6666666666666666
21,0.019346230820547032,0.8400000000000001,0.05263157894736842,0.9354838709677419,0.4444444444444445
22,0.7058038692461641,0.48,0.3684210526315789,0.7741935483870968,0.0
23,0.022014676450967312,0.07999999999999999,0.8421052631578947,0.9032258064516129,0.7777777777777778
24,0.35823882588392264,0.48,0.05263157894736842,0.04838709677419355,0.6666666666666666
25,0.35023348899266177,0.44000000000000006,0.3157894736842105,0.6612903225806451,0.6666666666666666
26,0.9059372915276851,1.0,0.0,0.24193548387096775,0.5555555555555556
27,0.3202134756504336,0.0,0.05263157894736842,0.0967741935483871,0.0
28,0.09606404269513008,0.0,0.47368421052631576,0.20967741935483872,0.11111111111111112
29,0.3495663775850567,0.44000000000000006,0.0,0.5806451612903226,0.7777777777777778
30,0.9879919946631087,0.96,0.10526315789473684,0.14516129032258066,0.2222222222222222
31,0.5870580386924616,0.8400000000000001,0.7894736842105263,0.8709677419354839,0.4444444444444445
32,0.705136757838559,0.48,0.05263157894736842,0.4838709677419355,0.2222222222222222
33,0.4676450967311541,0.68,0.5263157894736842,0.7580645161290323,0.7777777777777778
34,0.3829219479653102,0.27999999999999997,0.0,0.6935483870967742,0.7777777777777778
35,0.45030020013342226,0.64,0.15789473684210525,0.5,0.888888888888889
36,0.5203468979319547,0.16,0.21052631578947367,0.0967741935483871,0.5555555555555556
37,0.8105403602401601,0.039999999999999994,0.05263157894736842,0.41935483870967744,0.33333333333333337
38,0.44362908605737156,0.16,0.21052631578947367,0.6129032258064516,0.888888888888889
39,0.04469646430953969,0.8400000000000001,0.0,0.0,0.11111111111111112
40,0.9686457638425617,0.36,0.10526315789473684,0.7258064516129032,0.7777777777777778
41,0.21480987324883255,0.36,0.10526315789473684,0.6612903225806451,0.2222222222222222
42,0.12341561040693796,0.0,0.0,0.16129032258064516,0.4444444444444445
43,0.5923949299533022,0.039999999999999994,0.631578947368421,0.24193548387096775,0.5555555555555556
44,0.9819879919946631,0.64,0.10526315789473684,0.7419354838709677,0.5555555555555556
45,0.6077384923282189,0.48,0.47368421052631576,0.8870967741935484,0.4444444444444445
46,0.3962641761174116,0.72,0.10526315789473684,0.2903225806451613,0.888888888888889
47,0.7691794529686458,0.07999999999999999,0.05263157894736842,0.1774193548387097,0.4444444444444445
48,0.27751834556370913,0.6,0.47368421052631576,0.5,0.6666666666666666
49,0.8085390260173448,0.12000000000000002,0.05263157894736842,0.43548387096774194,0.2222222222222222
50,0.25483655770513675,0.16,0.6842105263157895,0.4838709677419355,0.7777777777777778
51,0.08805870580386925,0.27999999999999997,0.3157894736842105,0.5,0.4444444444444445
52,0.628418945963976,0.0,0.0,0.8709677419354839,0.33333333333333337
53,0.266844563042028,0.5599999999999999,0.5789473684210527,0.7258064516129032,0.11111111111111112
54,0.7538358905937291,0.039999999999999994,0.21052631578947367,0.2903225806451613,0.888888888888889
55,0.7311541027351568,0.36,0.3157894736842105,0.3548387096774194,0.2222222222222222
56,0.5150100066711141,0.0,0.47368421052631576,0.8387096774193549,0.5555555555555556
57,0.7605070046697798,0.8,0.05263157894736842,0.08064516129032258,0.11111111111111112
58,0.4076050700466978,0.36,0.5263157894736842,0.20967741935483872,0.4444444444444445
59,0.9266177451634423,0.96,0.7894736842105263,0.3709677419354839,0.2222222222222222
60,0.9386257505003336,0.24000000000000005,0.05263157894736842,0.3225806451612903,0.0
61,0.019346230820547032,0.8,0.2631578947368421,0.8709677419354839,0.2222222222222222
62,0.05203468979319546,0.0,0.15789473684210525,0.5806451612903226,0.6666666666666666
63,0.7565043362241495,0.72,0.10526315789473684,0.5967741935483871,0.33333333333333337
64,0.6891260840560374,0.27999999999999997,0.05263157894736842,0.3225806451612903,0.5555555555555556
65,0.1067378252168112,0.039999999999999994,0.2631578947368421,0.7258064516129032,0.0
66,0.8985990660440294,0.44000000000000006,0.5263157894736842,0.41935483870967744,0.11111111111111112
67,0.47098065376917947,0.0,0.3157894736842105,0.12903225806451613,0.7777777777777778
68,0.03268845897264843,0.0,0.15789473684210525,0.8225806451612904,0.7777777777777778
69,0.8038692461641094,0.9199999999999999,0.10526315789473684,0.3387096774193548,1.0
70,0.5777184789859907,0.0,0.21052631578947367,0.5483870967741935,0.0
71,0.9946631087391594,0.0,0.2631578947368421,0.9032258064516129,0.5555555555555556
72,0.4016010673782522,0.27999999999999997,0.2631578947368421,0.6129032258064516,1.0
73,0.6350900600400267,0.24000000000000005,0.15789473684210525,0.4838709677419355,0.4444444444444445
74,0.8739159439626417,0.24000000000000005,0.3157894736842105,0.9838709677419355,0.888888888888889
75,0.44429619746497667,0.68,0.10526315789473684,0.6290322580645161,1.0
76,0.2541694462975317,0.12000000000000002,0.2631578947368421,0.06451612903225806,0.33333333333333337
77,0.4229486324216144,0.0,0.0,1.0,0.4444444444444445
78,0.3542361574382922,0.6,0.05263157894736842,0.2903225806451613,0.6666666666666666
79,0.5843895930620414,0.76,0.0,0.5161290322580645,0.33333333333333337
80,0.5943962641761175,0.36,0.10526315789473684,0.8709677419354839,0.0
81,0.31954636424282856,0.64,0.3157894736842105,0.3548387096774194,0.5555555555555556
82,0.38358905937291526,0.5599999999999999,0.0,0.5483870967741935,0.5555555555555556
83,0.3122081387591728,0.0,0.6842105263157895,0.9516129032258065,0.0
84,1.0,0.0,0.05263157894736842,0.20967741935483872,0.6666666666666666
85,0.7511674449633089,0.8800000000000001,0.15789473684210525,0.2903225806451613,0.0
86,0.29486324216144094,0.48,0.7368421052631579,0.41935483870967744,0.7777777777777778
87,0.4549699799866578,0.48,0.21052631578947367,0.6451612903225806,0.888888888888889
88,0.9886591060707138,0.12000000000000002,0.47368421052631576,0.7419354838709677,0.33333333333333337
89,0.5823882588392262,0.36,0.15789473684210525,0.4032258064516129,0.5555555555555556
90,0.4342895263509006,0.48,0.42105263157894735,0.6774193548387096,0.4444444444444445
91,0.7671781187458305,0.64,0.3157894736842105,0.7903225806451613,0.888888888888889
92,0.7758505670446965,0.039999999999999994,0.0,0.24193548387096775,0.6666666666666666
93,0.9773182121414277,0.0,0.0,0.016129032258064516,0.888888888888889
94,0.11941294196130754,0.16,0.0,0.6290322580645161,0.2222222222222222
95,0.6437625083388926,0.8,0.10526315789473684,0.016129032258064516,1.0
96,0.8732488325550367,0.68,0.15789473684210525,0.4032258064516129,0.2222222222222222
97,0.171447631754503,0.76,0.42105263157894735,0.3870967741935484,0.11111111111111112
98,0.3562374916611074,0.07999999999999999,0.3684210526315789,0.7258064516129032,0.11111111111111112
99,0.41294196130753835,0.8,0.47368421052631576,0.3387096774193548,0.7777777777777778
100,0.03935957304869913,0.0,0.0,0.3548387096774194,0.7777777777777778
101,0.4696464309539693,0.52,0.47368421052631576,0.27419354838709675,0.7777777777777778
102,0.3388925950633756,0.72,0.21052631578947367,0.20967741935483872,0.33333333333333337
103,0.5983989326217478,0.8800000000000001,0.21052631578947367,0.27419354838709675,0.4444444444444445
104,0.1314209472981988,0.039999999999999994,0.0,0.5161290322580645,0.0
105,0.9599733155436958,0.32,0.2631578947368421,0.9032258064516129,0.2222222222222222
106,0.35957304869913276,0.5599999999999999,0.10526315789473684,0.20967741935483872,0.6666666666666666
107,0.7371581054036024,0.32,0.05263157894736842,0.7903225806451613,0.7777777777777778
108,0.3962641761174116,0.44000000000000006,0.10526315789473684,0.5161290322580645,0.5555555555555556
109,0.17945296864576385,0.0,0.05263157894736842,0.45161290322580644,0.7777777777777778
110,0.2408272181454303,0.039999999999999994,0.0,0.6129032258064516,0.0
111,0.00266844563042028,0.16,0.21052631578947367,0.9838709677419355,1.0
112,0.9539693128752502,0.44000000000000006,0.2631578947368421,1.0,0.2222222222222222
113,0.8639092728485657,0.039999999999999994,0.5263157894736842,0.8064516129032258,0.2222222222222222
114,0.5757171447631755,0.44000000000000006,0.15789473684210525,0.0,0.888888888888889
115,0.5843895930620414,0.9199999999999999,0.15789473684210525,0.5806451612903226,0.0
116,0.9879919946631087,0.0,0.10526315789473684,0.27419354838709675,0.33333333333333337
117,0.9346230820547031,0.8800000000000001,0.21052631578947367,0.967741935483871,0.6666666666666666
118,0.5463642428285523,0.32,0.5263157894736842,0.04838709677419355,0.0
119,0.23949299533022014,0.8800000000000001,0.2631578947368421,0.9032258064516129,0.33333333333333337
120,0.7765176784523016,0.64,0.5263157894736842,0.3709677419354839,0.0
121,0.3035356904603069,0.0,0.0,0.967741935483871,0.33333333333333337
122,0.01134089392928619,0.4,0.15789473684210525,0.5806451612903226,0.0
123,0.8712474983322215,0.24000000000000005,0.10526315789473684,1.0,0.2222222222222222
124,0.5657104736490994,0.12000000000000002,0.3157894736842105,0.7741935483870968,0.0
125,0.6370913942628419,0.36,0.0,0.22580645161290322,0.33333333333333337
126,0.7411607738492328,0.48,0.2631578947368421,0.3709677419354839,0.5555555555555556
127,0.7158105403602402,1.0,0.15789473684210525,0.3548387096774194,1.0
128,0.03802535023348899,0.0,0.0,0.3387096774193548,0.4444444444444445
129,0.733155436957972,0.0,0.21052631578947367,0.46774193548387094,0.0
130,0.3675783855903936,0.16,0.0,0.22580645161290322,0.0
131,0.9052701801200801,0.36,0.0,0.1935483870967742,0.888888888888889
132,0.9913275517011341,0.0,0.3157894736842105,0.3548387096774194,0.888888888888889
133,0.06070713809206137,0.07999999999999999,0.05263157894736842,0.3064516129032258,0.0
134,0.4269513008672448,0.44000000000000006,0.0,0.8709677419354839,0.2222222222222222
135,0.28218812541694466,0.039999999999999994,0.0,0.12903225806451613,0.7777777777777778
136,0.7218145430286858,0.0,0.0,0.5,0.33333333333333337
137,0.14876584389593062,0.0,0.2631578947368421,0.9838709677419355,0.4444444444444445
138,0.5010006671114076,1.0,0.15789473684210525,0.8387096774193549,0.7777777777777778
139,0.049366244162775186,0.2,0.21052631578947367,0.9354838709677419,0.0
140,0.2988659106070714,0.0,0.2631578947368421,0.9354838709677419,0.11111111111111112
141,0.71447631754503,0.9199999999999999,0.21052631578947367,0.6774193548387096,0.33333333333333337
142,0.04269513008672448,0.0,0.10526315789473684,0.5,0.5555555555555556
143,0.6444296197464977,0.76,0.7368421052631579,0.8870967741935484,0.888888888888889
144,0.06470980653769179,1.0,0.0,0.22580645161290322,0.4444444444444445
145,0.2635090060040027,0.8,0.5263157894736842,0.11290322580645161,0.4444444444444445
146,0.6904603068712475,0.8,0.6842105263157895,0.5645161290322581,1.0
147,0.8885923949299533,0.07999999999999999,0.3684210526315789,0.6774193548387096,0.2222222222222222
148,0.36357571714476317,0.44000000000000006,0.0,0.9032258064516129,0.11111111111111112
149,0.6557705136757839,0.12000000000000002,0.21052631578947367,0.9516129032258065,0.5555555555555556
150,0.31754503002001333,0.6,0.0,0.04838709677419355,0.888888888888889
151,0.8939292861907938,0.24000000000000005,0.0,0.7096774193548387,0.0
152,0.8719146097398266,0.039999999999999994,0.0,0.0967741935483871,0.0
153,0.08272181454302868,0.44000000000000006,0.7368421052631579,0.45161290322580644,0.0
154,0.9759839893262174,0.0,0.3684210526315789,0.5806451612903226,0.33333333333333337
155,0.5383589059372915,0.0,0.0,0.03225806451612903,0.2222222222222222
156,0.9559706470980653,0.0,0.3157894736842105,0.3387096774193548,0.0
157,0.6644429619746498,0.32,0.0,0.6451612903225806,0.888888888888889
158,0.6884589726484323,0.6,0.0,0.08064516129032258,0.11111111111111112
159,0.3362241494329553,0.24000000000000005,0.3684210526315789,0.0967741935483871,0.7777777777777778
160,0.6557705136757839,0.27999999999999997,0.5263157894736842,0.5806451612903226,0.0
161,0.2968645763842562,0.76,0.15789473684210525,0.7258064516129032,0.33333333333333337
162,0.3875917278185457,1.0,0.3684210526315789,0.24193548387096775,0.0
163,0.34156104069379584,0.9199999999999999,0.3157894736842105,0.4838709677419355,0.888888888888889
164,0.8418945963975984,0.2,0.2631578947368421,0.7741935483870968,0.888888888888889
165,0.19746497665110074,0.72,0.05263157894736842,0.5483870967741935,0.2222222222222222
166,0.6984656437625083,0.8,0.631578947368421,0.7741935483870968,1.0
167,0.3255503669112742,0.44000000000000006,0.3157894736842105,0.16129032258064516,0.7777777777777778
168,0.4536357571714476,1.0,0.3684210526315789,0.6612903225806451,0.7777777777777778
169,0.23482321547698465,0.5599999999999999,0.15789473684210525,0.016129032258064516,0.4444444444444445
170,0.0713809206137425,0.12000000000000002,0.05263157894736842,0.25806451612903225,0.11111111111111112
171,0.8438959306204136,0.0,0.0,0.3548387096774194,0.33333333333333337
172,0.5003335557038026,0.0,0.9473684210526315,0.9838709677419355,0.6666666666666666
173,0.7184789859906604,0.8400000000000001,0.0,0.8548387096774194,0.4444444444444445
174,0.43562374916611074,0.0,0.2631578947368421,0.1935483870967742,0.11111111111111112
175,0.10073382254836558,0.07999999999999999,0.0,0.532258064516129,0.33333333333333337
176,0.45763842561707807,0.72,0.05263157894736842,0.3709677419354839,0.0
177,0.61974649766511,0.8,0.3157894736842105,0.5,0.0
178,0.037358238825883926,0.16,0.21052631578947367,0.12903225806451613,0.7777777777777778
179,0.8238825883922615,0.8800000000000001,0.2631578947368421,0.3064516129032258,0.0
180,0.9066044029352902,0.07999999999999999,0.42105263157894735,0.6451612903225806,0.0
181,0.2768512341561041,0.32,0.15789473684210525,0.12903225806451613,0.0
182,0.2601734489659773,0.0,0.2631578947368421,0.11290322580645161,0.33333333333333337
183,0.17211474316210806,0.9199999999999999,0.6842105263157895,0.7419354838709677,0.6666666666666666
184,0.027351567711807873,0.64,0.0,0.41935483870967744,0.33333333333333337
185,0.057371581054036024,0.96,0.3157894736842105,0.5,0.11111111111111112
186,0.17478318879252835,0.039999999999999994,0.5789473684210527,0.5967741935483871,0.6666666666666666
187,0.12208138759172782,0.0,0.0,0.11290322580645161,0.7777777777777778
188,0.6844563042028019,0.07999999999999999,0.5263157894736842,0.5967741935483871,0.33333333333333337
189,0.847898599066044,0.76,0.3157894736842105,0.5967741935483871,0.6666666666666666
190,0.09272848565710473,0.32,0.2631578947368421,0.41935483870967744,0.888888888888889
191,0.8559039359573049,0.16,0.3684210526315789,0.3387096774193548,0.888888888888889
192,0.9559706470980653,0.27999999999999997,0.8421052631578947,0.8548387096774194,0.11111111111111112
193,0.5897264843228819,0.32,0.15789473684210525,0.967741935483871,0.33333333333333337
194,0.8472314876584389,0.8400000000000001,0.631578947368421,0.3870967741935484,0.4444444444444445
195,0.4683122081387592,0.12000000000000002,0.10526315789473684,0.7580645161290323,0.4444444444444445
196,0.256837891927952,0.0,0.10526315789473684,0.016129032258064516,0.4444444444444445
197,0.7531687791861241,0.72,0.10526315789473684,0.0,0.7777777777777778
198,0.3815877251501001,0.0,0.3157894736842105,0.03225806451612903,0.4444444444444445
199,0.9092728485657104,0.8,0.0,1.0,0.6666666666666666
200,0.8265510340226818,0.72,0.05263157894736842,0.7903225806451613,0.33333333333333337
201,0.2635090060040027,0.8,0.10526315789473684,0.3387096774193548,0.4444444444444445
202,0.5190126751167445,0.9199999999999999,0.0,0.8709677419354839,0.5555555555555556
203,0.04136090727151434,0.24000000000000005,0.05263157894736842,0.6612903225806451,0.2222222222222222
204,0.49966644429619744,0.64,0.0,0.5806451612903226,0.7777777777777778
205,0.8745830553702468,0.27999999999999997,0.9473684210526315,0.3709677419354839,0.7777777777777778
206,0.0400266844563042,0.96,0.05263157894736842,0.16129032258064516,1.0
207,0.8492328218812542,0.0,0.7368421052631579,0.9516129032258065,0.0
208,0.8105403602401601,0.64,0.2631578947368421,0.14516129032258066,0.33333333333333337
209,0.15010006671114076,0.0,0.0,0.3870967741935484,0.7777777777777778
210,0.200133422281521,0.68,0.2631578947368421,0.6290322580645161,0.0
211,0.533689126084056,0.0,0.3157894736842105,0.6612903225806451,0.0
212,0.3342228152101401,0.12000000000000002,0.0,0.7419354838709677,1.0
213,0.0,0.32,0.6842105263157895,1.0,0.888888888888889
214,0.5857238158772515,0.8,0.21052631578947367,0.8064516129032258,0.4444444444444445
215,0.3008672448298866,0.76,0.05263157894736842,0.3548387096774194,0.0
216,0.3589059372915277,0.0,0.05263157894736842,0.7419354838709677,0.11111111111111112
217,0.3248832555036691,0.27999999999999997,0.05263157894736842,0.2903225806451613,0.888888888888889
218,0.7991994663108739,0.0,0.3157894736842105,0.3064516129032258,0.0
219,0.8418945963975984,0.16,0.7368421052631579,0.14516129032258066,0.0
220,0.19012675116744496,0.76,0.3157894736842105,0.22580645161290322,0.11111111111111112
221,0.9012675116744496,0.76,0.10526315789473684,0.9193548387096774,0.0
222,0.7991994663108739,0.0,0.10526315789473684,0.967741935483871,0.33333333333333337
223,0.9846564376250834,0.9199999999999999,0.0,0.03225806451612903,0.7777777777777778
224,0.7665110073382255,0.0,0.21052631578947367,0.8225806451612904,0.33333333333333337
225,0.43829219479653103,0.8400000000000001,0.21052631578947367,0.03225806451612903,0.888888888888889
226,0.8018679119412941,0.0,0.05263157894736842,0.8387096774193549,0.33333333333333337
227,0.3602401601067378,0.039999999999999994,0.0,0.8387096774193549,0.2222222222222222
228,0.1934623082054703,0.64,0.10526315789473684,0.43548387096774194,0.6666666666666666
229,0.61974649766511,0.96,0.10526315789473684,0.9032258064516129,0.11111111111111112
230,0.15943962641761175,1.0,0.7368421052631579,0.8709677419354839,0.6666666666666666
231,0.5763842561707805,0.44000000000000006,0.3157894736842105,0.6774193548387096,0.0
232,0.7204803202134756,0.9199999999999999,0.0,0.6935483870967742,1.0
233,0.5897264843228819,0.68,0.0,0.7580645161290323,0.6666666666666666
234,0.35823882588392264,0.96,0.10526315789473684,0.8870967741935484,0.6666666666666666
235,0.6797865243495663,0.4,0.631578947368421,0.6612903225806451,0.0
236,0.32621747831887926,0.0,0.7894736842105263,0.2903225806451613,0.33333333333333337
237,0.3602401601067378,0.0,0.15789473684210525,0.6290322580645161,0.7777777777777778
238,0.49366244162775186,0.36,0.15789473684210525,0.11290322580645161,0.888888888888889
239,0.5156771180787192,0.6,0.7894736842105263,0.08064516129032258,0.888888888888889
240,0.85657104736491,0.0,0.42105263157894735,0.41935483870967744,0.2222222222222222
241,0.44629753168779185,0.36,0.3684210526315789,0.7903225806451613,0.0
242,0.13542361574382922,0.76,0.05263157894736842,0.4032258064516129,0.0
243,0.30620413609072716,0.2,0.2631578947368421,0.20967741935483872,0.33333333333333337
244,0.5283522348232155,1.0,0.05263157894736842,0.9838709677419355,0.2222222222222222
245,0.951967978652435,0.64,0.0,0.04838709677419355,0.888888888888889
246,0.6517678452301534,0.48,0.05263157894736842,0.20967741935483872,0.33333333333333337
247,0.8398932621747832,0.0,0.47368421052631576,0.9032258064516129,0.11111111111111112
248,0.2208138759172782,0.68,0.0,0.46774193548387094,0.2222222222222222
249,0.8692461641094062,0.24000000000000005,0.05263157894736842,0.6290322580645161,0.11111111111111112
250,0.5743829219479654,0.039999999999999994,0.0,1.0,1.0
251,0.45563709139426284,0.36,0.05263157894736842,0.4838709677419355,0.7777777777777778
252,0.2781854569713142,0.32,0.0,0.8225806451612904,0.11111111111111112
253,0.5190126751167445,0.0,0.10526315789473684,0.08064516129032258,1.0
254,0.4983322214809873,0.0,0.0,0.41935483870967744,0.33333333333333337
255,0.2868579052701801,0.2,0.2631578947368421,0.6129032258064516,0.7777777777777778
256,0.34623082054703136,0.48,0.0,0.04838709677419355,0.6666666666666666
257,0.9039359573048699,0.12000000000000002,0.0,0.3870967741935484,0.7777777777777778
258,0.8205470313542361,0.0,0.21052631578947367,0.8387096774193549,0.6666666666666666
259,0.9819879919946631,0.68,0.21052631578947367,0.04838709677419355,0.888888888888889
260,0.9252835223482322,0.72,0.21052631578947367,0.532258064516129,0.888888888888889
261,0.7271514342895263,0.5599999999999999,0.0,0.1774193548387097,0.33333333333333337
262,0.06871247498332221,0.8800000000000001,0.0,0.6451612903225806,0.11111111111111112
263,0.0400266844563042,0.64,0.5789473684210527,0.5645161290322581,0.5555555555555556
264,0.9879919946631087,0.44000000000000006,0.5263157894736842,0.5161290322580645,0.0
265,0.4603068712474983,0.64,0.0,0.25806451612903225,0.5555555555555556
266,0.5977318212141428,0.12000000000000002,0.3684210526315789,0.12903225806451613,0.2222222222222222
267,0.7324883255503669,0.48,0.0,0.8870967741935484,0.888888888888889
268,0.7951967978652434,0.68,0.2631578947368421,0.14516129032258066,0.0
269,0.08539026017344896,0.0,0.0,0.3870967741935484,0.4444444444444445
270,0.9226150767178118,0.07999999999999999,0.05263157894736842,0.06451612903225806,0.888888888888889
271,0.21280853902601735,0.0,0.2631578947368421,0.22580645161290322,0.0
272,0.10073382254836558,0.44000000000000006,0.0,0.08064516129032258,0.5555555555555556
273,0.14876584389593062,0.24000000000000005,0.10526315789473684,0.4032258064516129,0.6666666666666666
274,0.5783855903935957,0.16,0.10526315789473684,0.9032258064516129,0.5555555555555556
275,0.85657104736491,0.36,0.05263157894736842,0.016129032258064516,0.2222222222222222
276,0.8298865910607072,0.16,0.2631578947368421,0.532258064516129,0.2222222222222222
277,0.390927284856571,0.8,0.5789473684210527,0.08064516129032258,0.4444444444444445
278,0.26617745163442297,0.48,0.0,0.016129032258064516,0.0
279,0.26417611741160774,0.12000000000000002,0.15789473684210525,0.43548387096774194,0.4444444444444445
280,0.8098732488325551,0.44000000000000006,0.47368421052631576,0.9193548387096774,0.4444444444444445
281,0.5970647098065377,0.039999999999999994,0.2631578947368421,0.5806451612903226,0.2222222222222222
282,0.19079386257505004,0.52,0.10526315789473684,0.41935483870967744,0.4444444444444445
283,0.7918612408272181,0.27999999999999997,0.21052631578947367,0.1935483870967742,0.888888888888889
284,0.11274182788525684,0.8400000000000001,0.9473684210526315,0.12903225806451613,0.5555555555555556
285,0.6157438292194797,0.64,0.05263157894736842,0.7903225806451613,0.7777777777777778
286,0.733822548365577,0.6,0.2631578947368421,0.6774193548387096,0.0
287,0.7478318879252835,0.039999999999999994,0.7368421052631579,0.9193548387096774,0.6666666666666666
288,0.781854569713142,0.5599999999999999,0.5263157894736842,0.5645161290322581,0.2222222222222222
289,0.9566377585056705,0.8800000000000001,0.47368421052631576,0.7419354838709677,0.0
290,0.7671781187458305,0.039999999999999994,0.0,0.967741935483871,0.2222222222222222
291,0.800533689126084,0.0,0.05263157894736842,0.5,0.7777777777777778
292,0.7004669779853235,0.6,0.05263157894736842,0.43548387096774194,0.5555555555555556
293,0.08405603735823883,0.5599999999999999,0.21052631578947367,0.0967741935483871,0.11111111111111112
294,0.8252168112074717,0.6,0.0,0.1935483870967742,0.33333333333333337
295,0.580386924616411,0.48,0.05263157894736842,0.06451612903225806,0.6666666666666666
296,0.933288859239493,0.12000000000000002,0.7894736842105263,0.1935483870967742,0.33333333333333337
297,0.23215476984656438,0.039999999999999994,0.0,0.46774193548387094,0.6666666666666666
298,0.6204136090727151,0.6,0.0,0.22580645161290322,0.11111111111111112
299,0.17878585723815876,0.0,0.05263157894736842,0.6935483870967742,0.0
300,0.904603068712475,0.5599999999999999,0.47368421052631576,0.20967741935483872,0.4444444444444445
301,0.266844563042028,0.0,0.5789473684210527,1.0,0.6666666666666666
302,0.8198799199466311,0.72,0.0,0.5806451612903226,0.11111111111111112
303,0.6891260840560374,0.9199999999999999,0.15789473684210525,0.6451612903225806,0.11111111111111112
304,0.47364909939959976,0.72,0.0,0.9838709677419355,0.888888888888889
305,0.9206137424949966,0.52,0.05263157894736842,0.12903225806451613,0.4444444444444445
306,0.33088725817211473,0.0,0.7368421052631579,0.9516129032258065,0.7777777777777778
307,0.45030020013342226,1.0,0.631578947368421,0.6129032258064516,0.0
308,0.8492328218812542,0.0,0.3684210526315789,0.5,0.2222222222222222
309,0.5090060040026685,0.76,0.5789473684210527,0.8387096774193549,0.5555555555555556
310,0.971314209472982,0.27999999999999997,0.5263157894736842,0.04838709677419355,0.7777777777777778
311,0.32821881254169444,0.44000000000000006,0.5263157894736842,0.4032258064516129,0.2222222222222222
312,0.2741827885256838,0.48,0.05263157894736842,0.1774193548387097,0.2222222222222222
313,0.9866577718478986,0.0,0.7894736842105263,0.8387096774193549,0.2222222222222222
314,0.933288859239493,0.0,0.0,0.8548387096774194,0.2222222222222222
315,0.7665110073382255,0.12000000000000002,0.05263157894736842,0.6129032258064516,0.0
316,0.39693128752501666,0.52,0.47368421052631576,0.7258064516129032,0.2222222222222222
317,0.3829219479653102,0.07999999999999999,0.0,0.9516129032258065,0.5555555555555556
318,0.10406937958639093,0.8800000000000001,0.0,0.7419354838709677,0.11111111111111112
319,0.5963975983989326,0.8800000000000001,0.3684210526315789,0.0967741935483871,0.7777777777777778
320,0.7551701134089392,0.24000000000000005,0.10526315789473684,0.6935483870967742,0.7777777777777778
321,0.4836557705136758,0.96,0.6842105263157895,0.532258064516129,0.4444444444444445
322,0.5583722481654436,0.76,0.0,0.7419354838709677,0.888888888888889
323,0.4523015343562375,0.24000000000000005,0.0,0.14516129032258066,0.4444444444444445
324,0.5130086724482988,0.4,0.05263157894736842,0.7903225806451613,0.6666666666666666
325,0.6844563042028019,0.27999999999999997,0.3684210526315789,0.4838709677419355,0.4444444444444445
326,0.32421614409606403,0.07999999999999999,0.3684210526315789,0.22580645161290322,0.33333333333333337
327,0.23215476984656438,0.0,0.05263157894736842,0.6290322580645161,0.11111111111111112
328,0.9366244162775184,0.0,0.42105263157894735,0.1935483870967742,0.4444444444444445
329,0.2021347565043362,0.68,0.0,0.22580645161290322,0.0
330,0.5997331554369579,0.5599999999999999,0.05263157894736842,0.8709677419354839,0.2222222222222222
331,0.19212808539026016,0.4,0.0,0.3225806451612903,0.4444444444444445
332,0.052701801200800535,0.24000000000000005,0.3157894736842105,0.9032258064516129,0.11111111111111112
333,0.3402268178785857,0.07999999999999999,0.21052631578947367,0.41935483870967744,0.4444444444444445
334,0.0200133422281521,0.0,0.0,0.7258064516129032,0.4444444444444445
335,0.5263509006004002,0.52,0.05263157894736842,1.0,0.5555555555555556
336,0.9186124082721815,0.0,0.21052631578947367,0.12903225806451613,0.888888888888889
337,0.8432288192128086,0.8800000000000001,0.5789473684210527,0.7419354838709677,0.888888888888889
338,0.8065376917945297,0.68,0.05263157894736842,0.1774193548387097,0.5555555555555556
339,0.7938625750500333,0.32,0.0,0.41935483870967744,0.888888888888889
340,0.066711140760507,0.8,0.15789473684210525,0.11290322580645161,0.11111111111111112
341,0.16210807204803201,0.0,0.47368421052631576,0.8225806451612904,0.2222222222222222
342,0.9006004002668445,0.68,0.47368421052631576,0.6290322580645161,0.7777777777777778
343,0.5316877918612408,0.0,0.631578947368421,0.24193548387096775,0.0
344,0.8045363575717145,0.52,0.5263157894736842,0.6774193548387096,0.11111111111111112
345,0.9786524349566378,0.0,0.5789473684210527,0.3387096774193548,0.5555555555555556
346,0.5950633755837225,0.0,0.3157894736842105,0.9838709677419355,0.4444444444444445
347,0.4989993328885924,0.64,0.10526315789473684,0.16129032258064516,0.0
348,0.2628418945963976,0.0,0.10526315789473684,0.4032258064516129,0.2222222222222222
349,0.8865910607071381,0.0,0.10526315789473684,0.8387096774193549,0.5555555555555556
350,0.5817211474316211,0.039999999999999994,0.15789473684210525,0.6451612903225806,0.6666666666666666
351,0.61974649766511,0.2,0.3684210526315789,0.14516129032258066,0.6666666666666666
352,0.13742494996664442,0.0,0.5263157894736842,0.03225806451612903,0.7777777777777778
353,0.09939959973315543,0.5599999999999999,0.0,0.7903225806451613,0.5555555555555556
354,0.42494996664442963,0.12000000000000002,0.15789473684210525,0.08064516129032258,1.0
355,0.5470313542361575,0.0,0.5789473684210527,0.06451612903225806,0.11111111111111112
356,0.19479653102068045,0.12000000000000002,0.3684210526315789,0.7419354838709677,0.4444444444444445
357,0.27885256837891925,0.8800000000000001,0.3684210526315789,0.3709677419354839,0.888888888888889
358,0.28619079386257507,0.0,0.3684210526315789,0.1774193548387097,1.0
359,0.1781187458305537,0.0,0.21052631578947367,0.45161290322580644,0.7777777777777778
360,0.8265510340226818,0.8400000000000001,0.47368421052631576,0.5967741935483871,0.4444444444444445
361,0.5436957971981321,0.0,0.0,0.20967741935483872,0.33333333333333337
362,0.5923949299533022,0.36,0.21052631578947367,0.46774193548387094,0.5555555555555556
363,0.9879919946631087,0.8,0.05263157894736842,0.5483870967741935,0.2222222222222222
364,0.046030687124749836,0.0,0.05263157894736842,0.8225806451612904,1.0
365,0.9539693128752502,0.32,0.10526315789473684,0.8870967741935484,0.11111111111111112
366,0.15010006671114076,0.0,0.5263157894736842,0.9516129032258065,0.7777777777777778
367,0.7938625750500333,0.68,0.0,0.7903225806451613,0.7777777777777778
368,0.14142761841227486,0.36,0.05263157894736842,0.5,0.11111111111111112
369,0.7358238825883923,0.0,0.42105263157894735,0.5645161290322581,1.0
370,0.9006004002668445,0.9199999999999999,0.0,0.25806451612903225,0.0
371,0.6484322881921281,0.07999999999999999,0.21052631578947367,0.6290322580645161,1.0
372,0.9059372915276851,0.07999999999999999,0.05263157894736842,0.6612903225806451,0.11111111111111112
373,0.6957971981320881,0.8400000000000001,0.0,0.7096774193548387,0.7777777777777778
374,0.10140093395597065,0.9199999999999999,0.21052631578947367,0.5645161290322581,0.7777777777777778
375,0.030687124749833223,0.52,0.3157894736842105,0.8548387096774194,0.888888888888889
376,0.6057371581054036,0.36,0.05263157894736842,0.06451612903225806,0.888888888888889
377,0.3475650433622415,0.4,0.15789473684210525,0.46774193548387094,0.0
378,0.04469646430953969,0.36,0.7368421052631579,0.9354838709677419,0.0
379,0.9786524349566378,0.8400000000000001,0.21052631578947367,0.967741935483871,1.0
380,0.7725150100066711,0.6,0.42105263157894735,0.9516129032258065,0.0
381,0.3922615076717812,1.0,0.10526315789473684,0.8064516129032258,0.2222222222222222
382,0.028018679119412943,0.07999999999999999,0.10526315789473684,0.16129032258064516,0.11111111111111112
383,0.19212808539026016,0.44000000000000006,0.3157894736842105,0.8064516129032258,0.0
384,0.050700466977985324,0.8,0.5263157894736842,0.8870967741935484,0.6666666666666666
385,0.3002001334222815,0.44000000000000006,0.2631578947368421,0.6290322580645161,0.4444444444444445
386,0.01200800533689126,0.12000000000000002,0.15789473684210525,0.24193548387096775,0.4444444444444445
387,0.9979986657771848,0.5599999999999999,0.21052631578947367,0.8548387096774194,0.2222222222222222
388,0.46497665110073383,0.96,0.3157894736842105,0.5806451612903226,0.0
389,0.33755837224816543,0.8,0.47368421052631576,0.1935483870967742,0.6666666666666666
390,0.7865243495663776,0.4,0.10526315789473684,0.03225806451612903,0.0
391,0.5083388925950634,0.36,0.3684210526315789,1.0,0.0
392,0.0400266844563042,0.32,0.6842105263157895,0.43548387096774194,1.0
393,0.2695130086724483,0.76,0.2631578947368421,0.8548387096774194,0.5555555555555556
394,0.8899266177451635,0.64,0.05263157894736842,0.8548387096774194,0.0
395,0.12074716477651767,0.27999999999999997,0.42105263157894735,0.1774193548387097,0.7777777777777778
396,0.1247498332221481,0.039999999999999994,0.6842105263157895,0.1935483870967742,0.33333333333333337
397,0.24216144096064043,0.96,0.5789473684210527,0.8064516129032258,0.7777777777777778
398,0.01200800533689126,0.8800000000000001,0.0,0.6935483870967742,0.6666666666666666
399,0.6591060707138092,0.52,0.0,0.0,0.0
400,0.2961974649766511,0.76,0.0,0.532258064516129,0.4444444444444445
401,0.5223482321547699,0.0,0.3157894736842105,0.7419354838709677,0.4444444444444445
402,0.2114743162108072,0.2,0.6842105263157895,0.6129032258064516,0.7777777777777778
403,0.2028018679119413,0.8400000000000001,0.10526315789473684,0.7580645161290323,0.5555555555555556
404,0.9226150767178118,0.8400000000000001,0.10526315789473684,0.7741935483870968,0.0
405,0.45163442294863243,0.0,0.2631578947368421,0.0,0.888888888888889
406,0.8438959306204136,0.6,0.3684210526315789,0.25806451612903225,0.888888888888889
407,0.9986657771847899,0.64,0.5263157894736842,0.9354838709677419,0.6666666666666666
408,0.32621747831887926,0.8400000000000001,0.05263157894736842,0.1935483870967742,0.11111111111111112
409,0.580386924616411,0.039999999999999994,0.0,0.8709677419354839,0.4444444444444445
410,0.2408272181454303,0.0,0.0,1.0,0.7777777777777778
411,0.8305537024683122,0.52,0.0,0.6935483870967742,0.0
412,0.45830553702468313,0.039999999999999994,0.0,0.03225806451612903,0.6666666666666666
413,0.6150767178118746,0.52,0.631578947368421,0.016129032258064516,0.888888888888889
414,0.10540360240160107,0.76,0.0,0.5806451612903226,1.0
415,0.4536357571714476,0.72,0.0,0.4838709677419355,0.7777777777777778
416,0.014009339559706471,0.8400000000000001,0.05263157894736842,1.0,0.7777777777777778
417,0.11074049366244162,0.24000000000000005,0.05263157894736842,0.41935483870967744,0.888888888888889
418,0.20346897931954636,0.4,0.0,0.3709677419354839,0.2222222222222222
419,0.3388925950633756,0.96,0.0,0.5967741935483871,0.888888888888889
420,0.32421614409606403,0.9199999999999999,0.0,0.3870967741935484,0.0
421,0.7705136757838559,0.6,0.0,0.3387096774193548,0.5555555555555556
422,0.5943962641761175,0.0,0.0,0.8225806451612904,0.11111111111111112
423,0.361574382921948,0.0,0.5789473684210527,0.1774193548387097,0.0
424,0.27751834556370913,0.24000000000000005,0.2631578947368421,0.6774193548387096,0.888888888888889
425,0.12074716477651767,0.8400000000000001,0.05263157894736842,0.43548387096774194,0.888888888888889
426,0.4829886591060707,0.24000000000000005,0.05263157894736842,0.5161290322580645,1.0
427,0.4896597731821214,0.64,0.21052631578947367,0.6774193548387096,0.33333333333333337
428,0.39559706470980655,0.8800000000000001,0.42105263157894735,0.9838709677419355,0.4444444444444445
429,0.05537024683122081,0.0,0.47368421052631576,0.5,0.888888888888889
430,0.7324883255503669,0.2,0.42105263157894735,0.7580645161290323,0.4444444444444445
431,0.9926617745163442,0.9199999999999999,0.15789473684210525,0.5161290322580645,0.33333333333333337
432,0.8312208138759173,0.0,0.47368421052631576,0.7903225806451613,0.7777777777777778
433,0.2715143428952635,0.8800000000000001,0.42105263157894735,0.8225806451612904,0.6666666666666666
434,0.6484322881921281,0.0,0.15789473684210525,0.8225806451612904,0.6666666666666666
435,0.27751834556370913,0.32,0.2631578947368421,0.12903225806451613,0.7777777777777778
436,0.6184122748498999,0.12000000000000002,0.10526315789473684,0.46774193548387094,0.888888888888889
437,0.40093395597064707,0.96,0.15789473684210525,0.04838709677419355,0.4444444444444445
438,0.14876584389593062,0.0,0.0,0.5483870967741935,0.7777777777777778
439,0.6024016010673783,0.07999999999999999,0.21052631578947367,0.4838709677419355,0.0
440,0.104736490993996,0.12000000000000002,0.21052631578947367,0.6935483870967742,0.0
441,0.7925283522348232,0.12000000000000002,0.0,0.1935483870967742,0.888888888888889
442,0.390927284856571,0.0,0.5263157894736842,0.532258064516129,0.5555555555555556
443,0.25083388925950634,0.24000000000000005,0.10526315789473684,0.7419354838709677,0.888888888888889
444,0.37691794529686456,0.0,0.0,0.3709677419354839,0.5555555555555556
445,0.4903268845897265,0.4,0.15789473684210525,0.5,0.0
446,0.9733155436957972,0.8800000000000001,0.0,0.0,0.11111111111111112
447,0.1000667111407605,0.4,0.631578947368421,0.7419354838709677,0.7777777777777778
448,0.6437625083388926,0.96,0.0,0.5806451612903226,0.2222222222222222
449,0.3535690460306871,0.16,0.3157894736842105,0.43548387096774194,0.0
450,0.23549032688458973,0.5599999999999999,0.8947368421052632,0.3870967741935484,0.4444444444444445
451,0.1627751834556371,0.68,0.3157894736842105,0.8064516129032258,0.888888888888889
452,0.05537024683122081,0.24000000000000005,0.7894736842105263,0.3548387096774194,0.33333333333333337
453,0.12675116744496331,0.0,0.10526315789473684,0.967741935483871,0.2222222222222222
454,0.12208138759172782,0.5599999999999999,0.8421052631578947,0.8709677419354839,0.0
455,0.06004002668445631,0.72,0.10526315789473684,0.45161290322580644,0.2222222222222222
456,0.5110073382254836,0.2,0.0,0.0,0.6666666666666666
457,0.21014009339559706,0.52,0.47368421052631576,0.25806451612903225,0.888888888888889
458,0.9292861907938625,0.4,0.0,0.6451612903225806,0.4444444444444445
459,0.4683122081387592,0.8,0.15789473684210525,0.3225806451612903,0.33333333333333337
460,0.7184789859906604,0.4,0.8421052631578947,0.016129032258064516,0.6666666666666666
461,0.4896597731821214,0.96,0.42105263157894735,0.6774193548387096,0.7777777777777778
462,0.1447631754503002,0.52,0.05263157894736842,0.3709677419354839,0.33333333333333337
463,0.3829219479653102,0.4,0.2631578947368421,0.532258064516129,0.5555555555555556
464,0.6264176117411607,0.27999999999999997,0.5789473684210527,0.9032258064516129,0.11111111111111112
465,0.32221480987324885,0.44000000000000006,0.3684210526315789,0.8548387096774194,0.33333333333333337
466,0.9926617745163442,0.8,0.3684210526315789,0.9838709677419355,0.5555555555555556
467,0.7951967978652434,0.32,0.0,0.3709677419354839,0.6666666666666666
468,0.14543028685790527,0.0,0.10526315789473684,0.532258064516129,0.888888888888889
469,0.6797865243495663,0.0,0.0,0.5483870967741935,0.5555555555555556
470,0.18412274849899934,1.0,0.47368421052631576,0.11290322580645161,0.4444444444444445
471,0.2541694462975317,0.9199999999999999,0.05263157894736842,0.5483870967741935,0.4444444444444445
472,0.3455637091394263,0.039999999999999994,0.0,0.3709677419354839,0.7777777777777778
473,0.3542361574382922,0.0,0.10526315789473684,0.46774193548387094,0.0
474,0.2501667778519013,0.2,0.7368421052631579,0.5645161290322581,0.5555555555555556
475,0.5610406937958639,0.2,0.2631578947368421,0.6129032258064516,0.11111111111111112
476,0.0400266844563042,0.76,0.21052631578947367,0.04838709677419355,0.2222222222222222
477,0.8132088058705804,0.64,0.0,0.9838709677419355,0.6666666666666666
478,0.8025350233488993,0.44000000000000006,0.8421052631578947,0.6612903225806451,1.0
479,0.6057371581054036,0.52,0.05263157894736842,0.9193548387096774,0.7777777777777778
480,0.13408939292861907,0.12000000000000002,0.15789473684210525,0.8225806451612904,0.11111111111111112
481,0.7071380920613742,0.0,0.7368421052631579,0.7258064516129032,0.2222222222222222
482,0.13008672448298866,0.2,0.21052631578947367,0.7903225806451613,0.7777777777777778
483,0.6584389593062041,0.039999999999999994,0.9473684210526315,0.06451612903225806,0.7777777777777778
484,0.6977985323549033,0.8800000000000001,0.15789473684210525,0.8548387096774194,0.11111111111111112
485,0.00733822548365577,0.07999999999999999,0.631578947368421,0.6612903225806451,0.33333333333333337
486,0.004669779853235491,0.24000000000000005,0.2631578947368421,0.5,0.5555555555555556
487,0.6604402935290193,0.24000000000000005,0.10526315789473684,0.12903225806451613,0.5555555555555556
488,0.9066044029352902,0.0,0.0,0.8064516129032258,1.0
489,0.505003335557038,0.52,0.15789473684210525,0.46774193548387094,0.5555555555555556
490,0.28418945963975983,0.8800000000000001,0.0,0.43548387096774194,0.6666666666666666
491,0.5356904603068713,0.0,0.10526315789473684,0.08064516129032258,0.5555555555555556
492,0.104736490993996,0.44000000000000006,0.0,0.532258064516129,0.5555555555555556
493,0.875250166777852,0.16,0.47368421052631576,0.6774193548387096,0.11111111111111112
494,0.962641761174116,0.0,0.0,0.43548387096774194,0.33333333333333337
495,0.3882588392261508,0.16,0.21052631578947367,0.3548387096774194,0.888888888888889
496,0.14743162108072047,0.8400000000000001,0.05263157894736842,0.7580645161290323,0.5555555555555556
497,0.1027351567711808,0.4,0.10526315789473684,0.8709677419354839,0.6666666666666666
498,0.9659773182121414,0.07999999999999999,0.10526315789473684,0.46774193548387094,0.33333333333333337
499,0.494996664442962,0.52,0.21052631578947367,0.8709677419354839,0.0
500,0.6357571714476318,0.0,0.0,0.3548387096774194,0.2222222222222222
501,0.9659773182121414,0.8800000000000001,0.15789473684210525,0.1774193548387097,0.11111111111111112
502,0.4883255503669113,0.16,0.2631578947368421,0.9032258064516129,1.0
503,0.19679786524349566,0.0,0.21052631578947367,0.8548387096774194,0.2222222222222222
504,0.9439626417611742,0.0,0.21052631578947367,0.3548387096774194,0.11111111111111112
505,0.02134756504336224,0.0,0.3684210526315789,0.7903225806451613,0.5555555555555556
506,0.933288859239493,0.0,0.21052631578947367,0.41935483870967744,0.0
507,0.8452301534356238,0.6,0.2631578947368421,0.46774193548387094,0.5555555555555556
508,0.7785190126751167,0.8,0.8947368421052632,0.04838709677419355,0.7777777777777778
509,0.5643762508338893,0.8400000000000001,0.2631578947368421,0.46774193548387094,0.2222222222222222
510,0.3055370246831221,0.76,0.05263157894736842,0.8387096774193549,0.888888888888889
511,0.5943962641761175,0.4,0.3157894736842105,0.5967741935483871,0.888888888888889
512,0.45096731154102737,0.72,0.0,0.8709677419354839,0.6666666666666666
513,0.9092728485657104,0.2,0.2631578947368421,0.22580645161290322,0.33333333333333337
514,0.9412941961307538,0.24000000000000005,0.15789473684210525,0.22580645161290322,0.6666666666666666
515,0.8599066044029353,0.52,0.3157894736842105,0.5483870967741935,0.4444444444444445
516,0.31487658438959304,0.44000000000000006,0.10526315789473684,1.0,0.0
517,0.5043362241494329,0.0,0.15789473684210525,0.0967741935483871,0.33333333333333337
518,0.8979319546364243,0.32,0.0,0.532258064516129,0.6666666666666666
519,0.933955970647098,0.36,0.0,0.6290322580645161,0.33333333333333337
520,0.17945296864576385,0.039999999999999994,1.0,0.8064516129032258,0.6666666666666666
521,0.17078052034689792,0.2,0.0,0.5,0.11111111111111112
522,0.819212808539026,0.72,0.0,0.6612903225806451,0.6666666666666666
523,0.980653769179453,0.96,0.15789473684210525,0.11290322580645161,0.11111111111111112
524,0.3475650433622415,0.64,0.3157894736842105,0.7258064516129032,0.2222222222222222
525,0.25883922615076715,0.8,0.2631578947368421,0.1935483870967742,0.888888888888889
526,0.6130753835890593,0.0,0.0,0.5967741935483871,0.11111111111111112
527,0.9733155436957972,0.0,0.0,0.45161290322580644,0.0
528,0.5963975983989326,0.039999999999999994,0.05263157894736842,0.9838709677419355,0.33333333333333337
529,0.8105403602401601,0.8,0.10526315789473684,0.45161290322580644,0.888888888888889
530,0.05870580386924616,0.96,0.05263157894736842,0.6129032258064516,0.2222222222222222
531,0.7384923282188125,0.0,0.10526315789473684,0.43548387096774194,0.6666666666666666
532,0.447631754503002,0.9199999999999999,0.42105263157894735,0.7258064516129032,0.33333333333333337
533,0.4256170780520347,0.4,0.0,0.8870967741935484,0.11111111111111112
534,0.3975983989326217,0.27999999999999997,0.15789473684210525,0.6129032258064516,0.5555555555555556
535,0.27084723148765844,1.0,0.5263157894736842,0.1935483870967742,0.4444444444444445
536,0.1601067378252168,1.0,0.0,0.7258064516129032,0.6666666666666666
537,0.6237491661107405,0.0,0.5263157894736842,0.967741935483871,0.0
538,0.8305537024683122,0.27999999999999997,0.15789473684210525,0.3064516129032258,0.11111111111111112
539,0.9973315543695798,0.8400000000000001,0.10526315789473684,0.03225806451612903,0.7777777777777778
540,0.875917278185457,0.52,0.5263157894736842,0.41935483870967744,0.4444444444444445
541,0.8132088058705804,0.5599999999999999,0.10526315789473684,0.6129032258064516,0.0
542,0.20813875917278185,0.0,0.05263157894736842,0.24193548387096775,0.5555555555555556
543,0.3248832555036691,0.96,0.0,0.9838709677419355,0.2222222222222222
544,0.3182121414276184,0.07999999999999999,0.2631578947368421,0.7741935483870968,0.4444444444444445
545,0.5263509006004002,0.07999999999999999,0.0,0.08064516129032258,0.0
546,0.41694462975316876,0.0,0.15789473684210525,0.6451612903225806,0.888888888888889
547,0.8225483655770514,0.5599999999999999,0.7368421052631579,0.41935483870967744,0.7777777777777778
548,0.5557038025350234,0.27999999999999997,0.05263157894736842,0.532258064516129,0.888888888888889
549,0.3095396931287525,1.0,0.15789473684210525,0.7419354838709677,0.888888888888889
550,0.742494996664443,0.32,0.05263157894736842,0.3548387096774194,0.33333333333333337
551,0.41561040693795864,0.27999999999999997,0.05263157894736842,0.0967741935483871,0.5555555555555556
552,0.9426284189459639,0.9199999999999999,0.0,0.08064516129032258,0.2222222222222222
553,0.5350233488992662,0.0,0.15789473684210525,0.2903225806451613,0.5555555555555556
554,0.1981320880587058,0.36,0.0,0.11290322580645161,0.0
555,0.3829219479653102,0.4,0.2631578947368421,0.11290322580645161,0.0
556,0.6077384923282189,0.8400000000000001,0.0,0.9516129032258065,0.2222222222222222
557,0.6684456304202802,0.68,0.0,0.22580645161290322,0.4444444444444445
558,0.32221480987324885,0.4,0.05263157894736842,0.3225806451612903,0.0
559,0.638425617078052,0.0,0.3684210526315789,0.0967741935483871,0.2222222222222222
560,0.5436957971981321,0.16,0.15789473684210525,0.6129032258064516,0.5555555555555556
561,0.676450967311541,0.07999999999999999,0.5789473684210527,0.14516129032258066,0.11111111111111112
562,0.7364909939959974,0.0,0.0,0.9838709677419355,0.7777777777777778
563,0.9466310873915944,0.039999999999999994,0.5789473684210527,0.9838709677419355,0.888888888888889
564,0.4349566377585057,1.0,0.10526315789473684,0.6774193548387096,1.0
565,0.1094062708472315,0.96,0.5263157894736842,0.6129032258064516,0.0
566,0.8992661774516344,0.0,0.47368421052631576,0.5483870967741935,0.0
567,0.5463642428285523,0.6,0.47368421052631576,0.41935483870967744,0.7777777777777778
568,0.45963975983989325,0.8,0.21052631578947367,0.2903225806451613,0.2222222222222222
569,0.4202801867911941,0.32,0.05263157894736842,0.9193548387096774,0.7777777777777778
570,0.1027351567711808,0.32,0.5789473684210527,0.04838709677419355,0.6666666666666666
571,0.1514342895263509,0.0,0.0,0.6451612903225806,0.0
572,0.7925283522348232,0.16,0.3684210526315789,0.8225806451612904,0.2222222222222222
573,0.5170113408939293,0.0,0.05263157894736842,0.6774193548387096,0.5555555555555556
574,0.4056037358238826,0.68,0.15789473684210525,0.5645161290322581,0.33333333333333337
575,0.22615076717811874,0.8800000000000001,0.21052631578947367,0.5645161290322581,0.6666666666666666
576,0.6430953969312875,0.0,0.05263157894736842,0.06451612903225806,0.33333333333333337
577,0.1667778519012675,0.32,0.0,0.5,0.7777777777777778
578,0.8332221480987325,0.24000000000000005,0.47368421052631576,0.8870967741935484,0.5555555555555556
579,0.48632421614409604,0.0,0.10526315789473684,0.6451612903225806,0.0
580,0.6711140760507005,0.96,1.0,0.7258064516129032,0.5555555555555556
581,0.9252835223482322,0.64,0.0,0.3387096774193548,0.4444444444444445
582,0.10140093395597065,0.0,0.3157894736842105,0.016129032258064516,0.5555555555555556
583,0.6150767178118746,0.9199999999999999,0.3684210526315789,0.45161290322580644,0.4444444444444445
584,0.13942628418945963,0.5599999999999999,0.5263157894736842,0.9838709677419355,0.2222222222222222
585,0.05537024683122081,0.0,0.05263157894736842,0.967741935483871,0.7777777777777778
586,0.2941961307538359,0.32,0.15789473684210525,0.3870967741935484,0.33333333333333337
587,0.1754503002001334,0.27999999999999997,0.21052631578947367,0.9193548387096774,0.5555555555555556
588,0.7211474316210807,0.36,0.0,0.8548387096774194,0.5555555555555556
589,0.36357571714476317,0.4,0.2631578947368421,0.3709677419354839,0.2222222222222222
590,0.5390260173448966,0.0,0.0,0.5161290322580645,0.4444444444444445
591,0.13475650433622416,0.27999999999999997,0.05263157894736842,0.5806451612903226,1.0
592,0.24549699799866578,0.9199999999999999,0.21052631578947367,0.5483870967741935,0.11111111111111112
593,0.2515010006671114,0.72,0.8421052631578947,0.16129032258064516,0.888888888888889
594,0.5170113408939293,0.0,0.2631578947368421,0.3548387096774194,0.2222222222222222
595,0.6264176117411607,0.0,0.0,0.7741935483870968,0.6666666666666666
596,0.0066711140760507,0.32,0.0,0.20967741935483872,0.4444444444444445
597,0.3589059372915277,0.52,0.05263157894736842,0.6451612903225806,0.11111111111111112
598,0.019346230820547032,0.36,0.6842105263157895,0.4838709677419355,0.6666666666666666
599,0.46897931954636424,0.48,0.42105263157894735,0.2903225806451613,0.6666666666666666
600,0.17878585723815876,0.8,0.5263157894736842,0.1774193548387097,0.11111111111111112
601,0.8539026017344896,0.4,0.10526315789473684,0.45161290322580644,0.11111111111111112
602,0.3475650433622415,0.16,0.10526315789473684,0.11290322580645161,0.4444444444444445
603,0.5563709139426284,0.27999999999999997,0.0,0.532258064516129,0.0
604,0.43562374916611074,0.0,0.10526315789473684,0.5161290322580645,0.5555555555555556
605,0.4256170780520347,0.52,0.0,0.7903225806451613,0.2222222222222222
606,0.5090060040026685,0.72,0.6842105263157895,0.03225806451612903,0.888888888888889
607,0.21681120747164775,0.8,0.5789473684210527,0.8709677419354839,0.6666666666666666
608,0.9299533022014677,0.0,0.5263157894736842,0.22580645161290322,0.0
609,0.5890593729152769,0.48,0.5789473684210527,0.6129032258064516,0.0
610,0.2248165443629086,0.24000000000000005,0.10526315789473684,0.4032258064516129,0.4444444444444445
611,0.0933955970647098,0.72,0.0,0.9838709677419355,0.11111111111111112
612,0.4629753168779186,0.68,0.15789473684210525,0.016129032258064516,0.11111111111111112
613,0.0133422281521014,0.039999999999999994,0.10526315789473684,0.6774193548387096,0.5555555555555556
614,0.29486324216144094,0.8,0.3157894736842105,0.14516129032258066,0.4444444444444445
615,0.038692461641094064,0.68,0.2631578947368421,0.3548387096774194,0.0
616,0.8225483655770514,0.44000000000000006,0.47368421052631576,0.8709677419354839,0.4444444444444445
617,0.47364909939959976,0.32,0.0,0.8064516129032258,0.0
618,0.25350233488992663,0.0,0.3684210526315789,0.4838709677419355,0.4444444444444445
619,0.9593062041360907,0.36,0.21052631578947367,0.9354838709677419,0.33333333333333337
620,0.104736490993996,0.32,0.21052631578947367,0.41935483870967744,1.0
621,0.5156771180787192,0.0,0.3157894736842105,0.7258064516129032,0.11111111111111112
622,0.895263509006004,0.0,0.0,0.27419354838709675,0.11111111111111112
623,0.7118078719146097,0.32,0.42105263157894735,0.6935483870967742,0.5555555555555556
624,0.276184122748499,0.48,0.3157894736842105,0.5483870967741935,1.0
625,0.7124749833222148,0.52,0.21052631578947367,0.3225806451612903,0.0
626,0.24883255503669113,0.0,0.21052631578947367,0.45161290322580644,0.11111111111111112
627,0.5810540360240161,0.0,0.0,0.8870967741935484,0.7777777777777778
628,0.8265510340226818,0.2,0.05263157894736842,0.20967741935483872,0.888888888888889
629,0.0867244829886591,0.68,0.05263157894736842,0.8709677419354839,0.11111111111111112
630,0.6717811874583055,1.0,0.0,0.8387096774193549,0.2222222222222222
631,0.15677118078719146,0.0,0.21052631578947367,0.24193548387096775,0.5555555555555556
632,0.2941961307538359,0.8,0.05263157894736842,0.6290322580645161,0.2222222222222222
633,0.47765176784523017,0.48,0.05263157894736842,0.3870967741935484,0.6666666666666666
634,0.08072048032021348,0.5599999999999999,0.5263157894736842,0.016129032258064516,0.5555555555555556
635,0.2895263509006004,0.76,0.15789473684210525,0.9516129032258065,0.11111111111111112
636,0.9753168779186124,0.07999999999999999,0.05263157894736842,0.25806451612903225,0.888888888888889
637,0.049366244162775186,0.0,0.0,0.6290322580645161,0.7777777777777778
638,0.3855903935957305,0.8,0.15789473684210525,0.8709677419354839,0.5555555555555556
639,0.1741160773849233,0.32,0.7894736842105263,0.5645161290322581,0.888888888888889
640,0.8392261507671781,0.64,0.7368421052631579,0.43548387096774194,0.0
641,0.8305537024683122,0.6,0.6842105263157895,0.7258064516129032,0.5555555555555556
642,0.771847898599066,0.5599999999999999,0.05263157894736842,0.6129032258064516,0.11111111111111112
643,0.3122081387591728,0.16,0.5263157894736842,0.3870967741935484,0.4444444444444445
644,0.553035356904603,0.9199999999999999,0.05263157894736842,0.12903225806451613,1.0
645,0.9492995330220146,0.0,0.10526315789473684,0.1774193548387097,0.6666666666666666
646,0.07538358905937291,0.8,0.0,0.8225806451612904,0.33333333333333337
647,0.5123415610406938,0.8800000000000001,0.21052631578947367,0.8225806451612904,0.4444444444444445
648,0.012675116744496331,0.96,0.10526315789473684,0.016129032258064516,0.5555555555555556
649,0.43829219479653103,0.9199999999999999,0.8421052631578947,0.27419354838709675,0.4444444444444445
650,0.012675116744496331,0.039999999999999994,0.3684210526315789,0.6935483870967742,0.0
651,0.5390260173448966,0.68,0.05263157894736842,0.7903225806451613,0.11111111111111112
652,0.6024016010673783,0.0,0.21052631578947367,0.6451612903225806,0.4444444444444445
653,0.29086057371581053,0.8800000000000001,0.10526315789473684,0.5806451612903226,0.5555555555555556
654,0.9192795196797865,0.12000000000000002,0.42105263157894735,0.46774193548387094,0.4444444444444445
655,0.4276184122748499,0.96,0.05263157894736842,0.0,1.0
656,0.1961307538358906,0.8800000000000001,0.10526315789473684,0.016129032258064516,0.2222222222222222
657,0.5070046697798533,0.5599999999999999,0.15789473684210525,0.9354838709677419,0.888888888888889
658,0.5210140093395597,1.0,0.10526315789473684,0.06451612903225806,0.5555555555555556
659,0.4723148765843896,0.8800000000000001,0.0,0.24193548387096775,0.11111111111111112
660,0.34889926617745165,0.9199999999999999,0.8421052631578947,0.6774193548387096,0.6666666666666666
661,0.6771180787191461,0.68,0.47368421052631576,0.5483870967741935,0.0
662,0.5557038025350234,0.52,0.05263157894736842,0.6935483870967742,0.5555555555555556
663,0.019346230820547032,0.72,0.15789473684210525,0.9032258064516129,1.0
664,0.9252835223482322,0.48,0.3157894736842105,0.6290322580645161,0.888888888888889
665,0.25083388925950634,0.8800000000000001,0.631578947368421,0.6290322580645161,0.2222222222222222
666,0.1247498332221481,0.6,0.6842105263157895,0.8709677419354839,0.7777777777777778
667,0.43562374916611074,0.9199999999999999,0.0,0.967741935483871,0.11111111111111112
668,0.7585056704469646,0.48,0.2631578947368421,0.5,0.33333333333333337
669,0.4209472981987992,0.12000000000000002,0.0,0.4032258064516129,0.888888888888889
670,0.8432288192128086,0.27999999999999997,0.0,0.0967741935483871,1.0
671,0.6964643095396932,0.2,0.10526315789473684,1.0,0.2222222222222222
672,0.2294863242161441,0.07999999999999999,0.15789473684210525,0.3225806451612903,0.888888888888889
673,0.32354903268845897,0.0,0.21052631578947367,0.04838709677419355,0.7777777777777778
674,0.13542361574382922,0.32,0.3157894736842105,0.25806451612903225,0.0
675,0.9379586390927285,0.16,0.15789473684210525,0.1935483870967742,0.4444444444444445
676,0.0780520346897932,0.64,0.5789473684210527,0.6129032258064516,0.888888888888889
677,0.0780520346897932,0.039999999999999994,0.3684210526315789,0.7258064516129032,0.4444444444444445
678,0.14409606404269512,0.32,0.0,0.8709677419354839,0.6666666666666666
679,0.11741160773849232,0.2,0.05263157894736842,0.8387096774193549,0.7777777777777778
680,0.8472314876584389,0.6,0.42105263157894735,0.16129032258064516,0.7777777777777778
681,0.9052701801200801,0.5599999999999999,0.0,0.967741935483871,0.5555555555555556
682,0.016010673782521682,0.16,0.42105263157894735,0.12903225806451613,0.0
683,0.050700466977985324,0.16,0.42105263157894735,0.8709677419354839,0.0
684,0.035356904603068715,0.0,0.10526315789473684,0.0967741935483871,0.4444444444444445
685,0.34156104069379584,0.68,0.5263157894736842,0.0967741935483871,1.0
686,0.21547698465643764,0.8,0.5789473684210527,0.3548387096774194,0.4444444444444445
687,0.95263509006004,0.0,0.2631578947368421,0.6774193548387096,0.888888888888889
688,0.2028018679119413,0.4,0.2631578947368421,0.16129032258064516,1.0
689,0.6784523015343562,0.44000000000000006,0.0,0.6451612903225806,0.6666666666666666
690,0.66711140760507,0.9199999999999999,0.3684210526315789,0.5967741935483871,0.0
691,0.6170780520346898,0.27999999999999997,0.21052631578947367,0.5645161290322581,0.6666666666666666
692,0.03135423615743829,0.76,0.21052631578947367,0.016129032258064516,0.33333333333333337
693,0.9246164109406271,1.0,0.6842105263157895,0.3870967741935484,0.4444444444444445
694,0.8699132755170114,0.0,0.05263157894736842,0.03225806451612903,0.4444444444444445
695,0.12341561040693796,0.68,0.10526315789473684,0.0,0.33333333333333337
696,0.5683789192795197,0.0,0.42105263157894735,0.3225806451612903,0.888888888888889
697,0.857238158772515,0.8,0.0,0.25806451612903225,0.0
698,0.533689126084056,0.5599999999999999,0.21052631578947367,0.9516129032258065,0.4444444444444445
699,0.4563042028018679,0.64,0.10526315789473684,0.5,0.4444444444444445
700,0.4536357571714476,0.72,0.3684210526315789,0.3548387096774194,0.11111111111111112
701,0.25750500333555704,0.16,0.6842105263157895,0.0,0.5555555555555556
702,0.5396931287525016,0.4,0.47368421052631576,0.16129032258064516,0.888888888888889
703,0.1627751834556371,0.0,0.05263157894736842,0.5806451612903226,0.2222222222222222
704,0.6057371581054036,0.6,0.05263157894736842,0.9193548387096774,0.888888888888889
705,0.1561040693795864,0.8800000000000001,0.05263157894736842,0.4838709677419355,0.7777777777777778
706,0.0,0.36,0.0,0.41935483870967744,0.33333333333333337
707,0.8305537024683122,0.9199999999999999,0.0,0.6935483870967742,0.6666666666666666
708,0.5310206804536357,0.2,0.3157894736842105,0.6612903225806451,0.11111111111111112
709,0.5043362241494329,0.0,0.7894736842105263,0.7903225806451613,0.5555555555555556
710,0.18812541694462975,0.52,0.42105263157894735,0.2903225806451613,0.5555555555555556
711,0.31020680453635757,0.12000000000000002,0.2631578947368421,0.3548387096774194,0.6666666666666666
712,0.10140093395597065,0.96,0.21052631578947367,0.1935483870967742,0.11111111111111112
713,0.8985990660440294,0.9199999999999999,0.3157894736842105,0.43548387096774194,0.6666666666666666
714,0.5757171447631755,0.64,0.47368421052631576,0.7096774193548387,0.4444444444444445
715,0.9646430953969313,0.0,0.0,0.5967741935483871,0.33333333333333337
716,0.8012008005336891,0.44000000000000006,0.10526315789473684,0.8225806451612904,0.7777777777777778
717,0.8365577051367579,0.0,0.6842105263157895,0.5806451612903226,0.888888888888889
718,0.9593062041360907,0.96,0.0,0.5645161290322581,1.0
719,0.32821881254169444,0.8400000000000001,0.5263157894736842,0.8064516129032258,0.2222222222222222
720,0.2648432288192128,0.76,0.3684210526315789,0.5806451612903226,0.7777777777777778
721,0.6157438292194797,0.0,0.3684210526315789,0.9032258064516129,0.888888888888889
722,0.5623749166110741,0.0,0.3157894736842105,0.3387096774193548,0.33333333333333337
723,0.1741160773849233,0.8400000000000001,0.2631578947368421,0.8064516129032258,0.7777777777777778
724,0.828552368245497,0.36,0.15789473684210525,0.2903225806451613,0.0
725,0.4543028685790527,0.12000000000000002,0.0,0.7903225806451613,0.888888888888889
726,0.8365577051367579,0.48,0.05263157894736842,0.9032258064516129,0.888888888888889
727,0.5436957971981321,0.0,0.0,0.9032258064516129,0.7777777777777778
728,0.09939959973315543,0.96,0.0,0.5806451612903226,0.4444444444444445
729,0.9786524349566378,0.039999999999999994,0.10526315789473684,0.3709677419354839,1.0
730,0.28418945963975983,0.48,0.10526315789473684,0.16129032258064516,0.7777777777777778
731,0.28885923949299536,0.52,0.47368421052631576,0.5,0.11111111111111112
732,0.2755170113408939,0.48,0.631578947368421,0.9032258064516129,0.11111111111111112
733,0.7678452301534356,0.0,0.05263157894736842,0.8870967741935484,0.11111111111111112
734,0.4362908605737158,0.48,0.2631578947368421,0.6451612903225806,0.4444444444444445
735,0.4543028685790527,0.44000000000000006,0.2631578947368421,0.4838709677419355,0.11111111111111112
736,0.9559706470980653,0.0,0.0,0.9838709677419355,0.33333333333333337
737,0.5610406937958639,0.36,0.42105263157894735,0.5806451612903226,1.0
738,0.02268178785857238,0.4,0.15789473684210525,0.016129032258064516,0.2222222222222222
739,0.5496997998665777,0.16,0.3684210526315789,0.41935483870967744,0.6666666666666666
740,0.8692461641094062,0.8400000000000001,0.3684210526315789,0.11290322580645161,0.888888888888889
741,0.9259506337558372,0.8800000000000001,0.05263157894736842,0.8225806451612904,0.0
742,0.6937958639092728,0.2,0.21052631578947367,0.6129032258064516,0.33333333333333337
743,0.7271514342895263,0.76,0.2631578947368421,0.20967741935483872,0.888888888888889
744,0.45563709139426284,0.0,0.5789473684210527,0.3548387096774194,0.5555555555555556
745,0.8498999332888593,0.0,0.05263157894736842,0.6935483870967742,0.7777777777777778
746,0.43962641761174115,0.64,0.10526315789473684,0.4032258064516129,0.6666666666666666
747,0.14876584389593062,0.5599999999999999,0.0,0.12903225806451613,0.4444444444444445
748,0.028685790527018012,0.16,0.15789473684210525,0.06451612903225806,0.33333333333333337
749,0.5657104736490994,0.0,0.9473684210526315,0.6129032258064516,0.0
750,0.8912608405603736,0.039999999999999994,0.9473684210526315,0.8870967741935484,0.7777777777777778
751,0.5270180120080054,0.32,0.0,0.46774193548387094,0.6666666666666666
752,0.09673115410273515,0.96,0.15789473684210525,0.04838709677419355,0.0
753,0.7698465643762509,0.6,0.10526315789473684,0.9032258064516129,0.6666666666666666
754,0.437625083388926,0.72,0.0,0.016129032258064516,1.0
755,0.5610406937958639,0.8400000000000001,0.21052631578947367,0.6612903225806451,0.33333333333333337
756,0.6184122748498999,0.039999999999999994,0.42105263157894735,0.6129032258064516,0.7777777777777778
757,0.694462975316878,0.44000000000000006,0.05263157894736842,0.08064516129032258,0.4444444444444445
758,0.7958639092728486,0.36,0.47368421052631576,0.6290322580645161,0.0
759,0.7118078719146097,1.0,0.6842105263157895,0.3387096774193548,0.5555555555555556
760,0.7098065376917946,0.48,0.2631578947368421,0.532258064516129,0.888888888888889
761,0.8585723815877252,0.24000000000000005,0.21052631578947367,0.14516129032258066,0.33333333333333337
762,0.1801200800533689,0.039999999999999994,0.631578947368421,0.5,0.33333333333333337
763,0.8325550366911274,0.12000000000000002,0.05263157894736842,0.08064516129032258,0.4444444444444445
764,0.9066044029352902,0.0,0.0,0.7258064516129032,0.0
765,0.31687791861240827,0.16,0.2631578947368421,0.06451612903225806,0.5555555555555556
766,0.7318212141427618,0.16,0.10526315789473684,0.12903225806451613,0.5555555555555556
767,0.9613075383589059,0.72,0.47368421052631576,0.6451612903225806,0.6666666666666666
768,0.3742494996664443,0.8400000000000001,0.3157894736842105,0.7580645161290323,0.5555555555555556
769,0.7471647765176784,0.6,0.3684210526315789,0.14516129032258066,0.4444444444444445
770,0.5777184789859907,0.32,0.2631578947368421,0.7903225806451613,1.0
771,0.5496997998665777,0.48,0.47368421052631576,0.7096774193548387,0.0
772,0.5757171447631755,0.8400000000000001,0.05263157894736842,0.5967741935483871,0.11111111111111112
773,0.7138092061374249,0.9199999999999999,0.0,0.25806451612903225,0.33333333333333337
774,0.6831220813875917,0.64,0.3157894736842105,1.0,0.33333333333333337
775,0.45296864576384255,0.64,0.0,0.0,0.2222222222222222
776,0.7038025350233489,0.0,0.42105263157894735,0.0,0.888888888888889
777,0.3208805870580387,0.0,0.05263157894736842,0.20967741935483872,0.4444444444444445
778,0.9472981987991995,0.8,0.3157894736842105,0.0967741935483871,0.33333333333333337
779,0.6470980653769179,0.0,0.0,0.8387096774193549,0.0
780,0.9913275517011341,0.12000000000000002,0.2631578947368421,0.1774193548387097,0.11111111111111112
781,0.5810540360240161,0.9199999999999999,0.10526315789473684,0.27419354838709675,0.5555555555555556
782,0.9019346230820547,0.44000000000000006,0.2631578947368421,0.3709677419354839,0.0
783,0.6484322881921281,0.36,0.3684210526315789,0.06451612903225806,0.0
784,0.37024683122081387,0.27999999999999997,0.9473684210526315,0.43548387096774194,0.7777777777777778
785,0.5810540360240161,0.64,0.0,0.016129032258064516,0.2222222222222222
786,0.18812541694462975,0.24000000000000005,0.0,0.5806451612903226,0.33333333333333337
787,0.6350900600400267,0.16,0.3157894736842105,0.5483870967741935,0.4444444444444445
788,0.012675116744496331,0.6,0.5789473684210527,0.5,0.6666666666666666
789,0.9933288859239493,0.52,0.8421052631578947,0.12903225806451613,0.888888888888889
790,0.8365577051367579,0.44000000000000006,0.0,0.20967741935483872,0.0
791,0.553035356904603,0.2,0.15789473684210525,0.6451612903225806,0.0
792,0.39559706470980655,0.24000000000000005,0.0,0.6451612903225806,0.33333333333333337
793,0.32421614409606403,0.68,0.2631578947368421,0.5806451612903226,0.2222222222222222
794,0.23215476984656438,0.24000000000000005,0.3684210526315789,0.5967741935483871,0.33333333333333337
795,0.4309539693128753,0.0,0.21052631578947367,0.3064516129032258,0.4444444444444445
796,0.2274849899933289,0.0,0.0,0.9193548387096774,0.11111111111111112
797,0.4269513008672448,0.16,0.0,0.6129032258064516,0.0
798,0.39426284189459637,0.52,0.21052631578947367,0.0967741935483871,0.4444444444444445
799,0.5737158105403602,0.07999999999999999,0.42105263157894735,0.3709677419354839,0.33333333333333337
800,0.3589059372915277,0.2,0.10526315789473684,0.41935483870967744,0.11111111111111112
801,0.4076050700466978,0.8,0.21052631578947367,0.7096774193548387,0.33333333333333337
802,0.48032021347565046,0.0,0.42105263157894735,0.8064516129032258,0.7777777777777778
803,0.7578385590393596,0.52,0.47368421052631576,0.8064516129032258,0.888888888888889
804,0.867244829886591,0.44000000000000006,0.10526315789473684,0.3387096774193548,0.7777777777777778
805,0.11607738492328219,0.76,0.2631578947368421,0.7580645161290323,0.5555555555555556
806,0.7278185456971314,0.76,0.21052631578947367,0.016129032258064516,0.4444444444444445
807,0.4603068712474983,0.12000000000000002,0.2631578947368421,0.9516129032258065,0.5555555555555556
808,0.04803202134756504,0.9199999999999999,0.21052631578947367,0.532258064516129,0.11111111111111112
809,0.42895263509006004,0.96,0.0,1.0,1.0
810,0.6617745163442295,0.0,0.6842105263157895,0.5483870967741935,0.33333333333333337
811,0.8839226150767178,0.72,0.47368421052631576,0.4032258064516129,0.7777777777777778
812,0.6337558372248165,0.76,0.10526315789473684,0.6935483870967742,0.5555555555555556
813,0.7531687791861241,0.72,0.21052631578947367,0.7419354838709677,0.33333333333333337
814,0.11274182788525684,0.0,0.0,0.7096774193548387,0.6666666666666666
815,0.05003335557038025,0.24000000000000005,0.10526315789473684,0.12903225806451613,0.11111111111111112
816,0.266844563042028,0.9199999999999999,0.15789473684210525,0.8709677419354839,0.888888888888889
817,0.37158105403602404,0.0,0.21052631578947367,0.6451612903225806,0.6666666666666666
818,0.4983322214809873,0.12000000000000002,0.8421052631578947,0.3548387096774194,0.7777777777777778
819,0.9953302201467645,0.32,0.42105263157894735,0.6612903225806451,1.0
820,0.3162108072048032,0.64,0.05263157894736842,0.24193548387096775,0.6666666666666666
821,0.8105403602401601,0.0,0.42105263157894735,0.7258064516129032,0.33333333333333337
822,0.7138092061374249,0.0,0.7894736842105263,0.3870967741935484,0.5555555555555556
823,0.8165443629086058,0.6,0.05263157894736842,0.3064516129032258,0.11111111111111112
824,0.9246164109406271,0.44000000000000006,0.0,0.7258064516129032,0.0
825,0.45163442294863243,0.76,0.3684210526315789,0.5806451612903226,0.6666666666666666
826,0.3575717144763175,0.36,0.3157894736842105,0.5645161290322581,0.4444444444444445
827,0.5577051367578385,0.8400000000000001,0.3684210526315789,0.3870967741935484,0.4444444444444445
828,0.3362241494329553,0.5599999999999999,0.631578947368421,0.3548387096774194,0.7777777777777778
829,0.41561040693795864,0.96,0.5263157894736842,0.04838709677419355,0.0
830,0.8205470313542361,0.32,0.10526315789473684,0.7419354838709677,0.33333333333333337
831,0.9272848565710473,0.64,0.6842105263157895,0.24193548387096775,0.4444444444444445
832,0.37024683122081387,1.0,0.05263157894736842,0.8709677419354839,0.5555555555555556
833,0.20346897931954636,0.76,0.10526315789473684,0.9193548387096774,0.6666666666666666
834,0.07204803202134756,0.32,0.7894736842105263,0.0,0.33333333333333337
835,0.4202801867911941,0.039999999999999994,0.2631578947368421,0.7903225806451613,0.4444444444444445
836,0.4723148765843896,0.07999999999999999,0.42105263157894735,0.1774193548387097,0.888888888888889
837,0.02334889926617745,0.32,0.05263157894736842,0.8225806451612904,0.4444444444444445
838,0.4609739826551034,0.48,0.05263157894736842,0.08064516129032258,0.33333333333333337
839,0.28152101400933954,0.8800000000000001,0.0,0.016129032258064516,0.4444444444444445
840,0.31087391594396263,0.0,0.15789473684210525,0.5645161290322581,0.6666666666666666
841,0.5677118078719147,0.07999999999999999,0.5263157894736842,0.7419354838709677,0.4444444444444445
842,0.15476984656437626,0.32,0.631578947368421,0.7419354838709677,0.4444444444444445
843,0.33689126084056037,0.6,0.47368421052631576,0.14516129032258066,0.7777777777777778
844,0.7171447631754503,0.76,0.10526315789473684,0.3225806451612903,0.6666666666666666
845,0.6184122748498999,0.9199999999999999,0.5263157894736842,0.14516129032258066,0.4444444444444445
846,0.5376917945296864,0.96,0.2631578947368421,0.3870967741935484,0.888888888888889
847,0.9412941961307538,0.24000000000000005,0.15789473684210525,0.3709677419354839,0.33333333333333337
848,0.4469646430953969,0.68,0.21052631578947367,0.9838709677419355,0.6666666666666666
849,0.5190126751167445,0.4,0.3157894736842105,1.0,0.11111111111111112
850,0.8065376917945297,0.0,0.0,0.8548387096774194,0.7777777777777778
851,0.9366244162775184,0.12000000000000002,0.10526315789473684,0.4032258064516129,0.5555555555555556
852,0.8278852568378919,0.0,0.3157894736842105,0.5645161290322581,0.6666666666666666
853,0.5256837891927952,0.0,0.0,0.7419354838709677,0.4444444444444445
854,0.9846564376250834,0.8,0.21052631578947367,0.5,0.6666666666666666
855,0.513675783855904,0.0,0.05263157894736842,0.967741935483871,0.4444444444444445
856,0.49766511007338227,0.44000000000000006,0.0,0.8064516129032258,0.5555555555555556
857,0.6964643095396932,0.0,0.631578947368421,0.2903225806451613,0.888888888888889
858,0.11407605070046697,0.0,0.05263157894736842,0.5806451612903226,0.0
859,0.05470313542361575,0.72,0.3157894736842105,0.7903225806451613,0.888888888888889
860,0.9679786524349566,0.64,0.2631578947368421,0.3225806451612903,0.4444444444444445
861,0.21480987324883255,0.24000000000000005,0.10526315789473684,0.6774193548387096,0.888888888888889
862,0.15543695797198132,0.0,0.47368421052631576,0.9838709677419355,0.0
863,0.2134756504336224,0.0,0.5263157894736842,0.20967741935483872,0.2222222222222222
864,0.6370913942628419,0.68,0.42105263157894735,0.27419354838709675,0.2222222222222222
865,0.8158772515010007,0.039999999999999994,0.05263157894736842,0.8870967741935484,0.2222222222222222
866,0.9132755170113409,0.44000000000000006,0.10526315789473684,0.9354838709677419,1.0
867,0.7805203468979319,0.0,0.05263157894736842,0.5,0.888888888888889
868,0.8232154769846565,0.36,0.42105263157894735,0.8870967741935484,0.4444444444444445
869,0.06804536357571714,0.8,0.3684210526315789,0.9193548387096774,0.2222222222222222
870,0.3735823882588392,0.8,0.3157894736842105,0.46774193548387094,0.5555555555555556
871,0.6304202801867912,0.36,0.5789473684210527,0.0967741935483871,0.6666666666666666
872,0.33689126084056037,0.44000000000000006,0.3157894736842105,0.4838709677419355,0.5555555555555556
873,0.02401601067378252,0.0,0.42105263157894735,0.4032258064516129,0.2222222222222222
874,0.5036691127418279,0.24000000000000005,0.0,0.5161290322580645,0.11111111111111112
875,0.5016677785190127,0.8400000000000001,0.05263157894736842,0.6612903225806451,0.7777777777777778
876,0.6477651767845231,0.6,0.0,0.8387096774193549,0.6666666666666666
877,0.276184122748499,0.72,0.0,0.7258064516129032,0.4444444444444445
878,0.6264176117411607,0.8400000000000001,0.15789473684210525,0.1935483870967742,0.2222222222222222
879,0.15476984656437626,0.0,0.3157894736842105,0.9354838709677419,0.0
880,0.35023348899266177,0.5599999999999999,0.15789473684210525,0.5806451612903226,0.6666666666666666
881,0.22815210140093395,0.8800000000000001,0.9473684210526315,0.46774193548387094,0.33333333333333337
882,0.09539693128752502,0.52,0.0,0.41935483870967744,0.33333333333333337
883,0.1114076050700467,0.07999999999999999,0.42105263157894735,0.3387096774193548,0.7777777777777778
884,0.8612408272181454,0.72,0.2631578947368421,0.43548387096774194,0.888888888888889
885,0.4029352901934623,0.0,0.10526315789473684,0.8870967741935484,0.5555555555555556
886,0.5176784523015343,1.0,0.2631578947368421,0.5,0.5555555555555556
887,0.2848565710473649,0.27999999999999997,0.10526315789473684,0.3225806451612903,0.0
888,0.23949299533022014,0.24000000000000005,0.5789473684210527,0.27419354838709675,0.4444444444444445
889,0.4416277518345564,0.96,0.10526315789473684,0.8870967741935484,0.2222222222222222
890,0.9179452968645764,0.76,0.5789473684210527,0.3225806451612903,0.6666666666666666
891,0.37158105403602404,0.8800000000000001,0.15789473684210525,0.5483870967741935,0.6666666666666666
892,0.9513008672448299,0.52,0.05263157894736842,0.20967741935483872,0.888888888888889
893,0.23549032688458973,0.039999999999999994,0.15789473684210525,0.6129032258064516,0.6666666666666666
894,0.9666444296197465,0.4,0.05263157894736842,0.08064516129032258,0.4444444444444445
895,0.9879919946631087,0.0,0.15789473684210525,0.5806451612903226,0.11111111111111112
896,0.704469646430954,0.96,0.2631578947368421,0.3064516129032258,0.4444444444444445
897,0.1067378252168112,0.07999999999999999,0.15789473684210525,0.16129032258064516,0.33333333333333337
898,0.970647098065377,0.36,0.05263157894736842,0.45161290322580644,0.11111111111111112
899,0.7118078719146097,0.039999999999999994,0.3157894736842105,0.9838709677419355,0.7777777777777778
900,0.5383589059372915,0.64,0.2631578947368421,0.6774193548387096,0.0
901,0.6144096064042696,0.96,0.10526315789473684,0.6612903225806451,0.11111111111111112
902,0.5550366911274183,0.76,0.0,0.6774193548387096,0.888888888888889
903,0.752501667778519,0.36,0.21052631578947367,0.016129032258064516,0.33333333333333337
904,0.8352234823215477,0.8400000000000001,0.42105263157894735,0.24193548387096775,0.33333333333333337
905,0.8225483655770514,0.0,0.10526315789473684,0.2903225806451613,0.4444444444444445
906,0.3875917278185457,0.27999999999999997,0.3684210526315789,0.7903225806451613,0.11111111111111112
907,0.2361574382921948,0.8400000000000001,0.05263157894736842,0.6935483870967742,0.4444444444444445
908,0.771847898599066,0.8400000000000001,0.15789473684210525,0.3225806451612903,0.4444444444444445
909,0.36891260840560375,0.64,0.21052631578947367,0.16129032258064516,0.0
910,0.580386924616411,0.96,0.10526315789473684,0.3548387096774194,0.2222222222222222
911,0.7685123415610406,0.4,0.05263157894736842,0.8870967741935484,0.0
912,0.2768512341561041,0.9199999999999999,0.21052631578947367,0.3225806451612903,1.0
913,0.5150100066711141,0.0,0.05263157894736842,0.7741935483870968,0.6666666666666666
914,0.09739826551034023,0.72,0.7894736842105263,0.12903225806451613,0.888888888888889
915,0.5730486991327551,0.16,0.3157894736842105,0.6129032258064516,0.0
916,0.7945296864576384,0.0,0.0,0.3548387096774194,0.2222222222222222
917,0.19746497665110074,0.4,0.15789473684210525,0.967741935483871,0.6666666666666666
918,0.02268178785857238,0.5599999999999999,0.05263157894736842,0.9354838709677419,0.11111111111111112
919,0.14743162108072047,0.8400000000000001,0.05263157894736842,0.5967741935483871,0.5555555555555556
920,0.11674449633088725,0.9199999999999999,0.5789473684210527,0.6774193548387096,0.0
921,0.4549699799866578,0.36,0.2631578947368421,0.3064516129032258,0.4444444444444445
922,0.3749166110740494,0.96,0.15789473684210525,0.16129032258064516,0.2222222222222222
923,0.15476984656437626,0.0,0.05263157894736842,0.08064516129032258,0.33333333333333337
924,0.1874583055370247,0.16,0.0,0.967741935483871,0.0
925,0.1934623082054703,0.2,0.47368421052631576,0.6935483870967742,0.0
926,0.6537691794529686,0.16,0.0,0.967741935483871,0.888888888888889
927,0.29753168779186123,0.2,0.6842105263157895,0.8709677419354839,0.6666666666666666
928,0.6971314209472982,0.48,0.05263157894736842,0.9193548387096774,0.6666666666666666
929,0.26551034022681785,0.8800000000000001,0.0,0.22580645161290322,0.11111111111111112
930,0.7751834556370913,0.0,0.0,0.7419354838709677,0.7777777777777778
931,0.3709139426284189,0.68,0.3157894736842105,0.0,0.33333333333333337
932,0.3829219479653102,0.36,0.0,0.24193548387096775,0.6666666666666666
933,0.8485657104736491,0.0,0.0,0.8548387096774194,0.4444444444444445
934,0.12941961307538358,0.0,0.3157894736842105,0.016129032258064516,0.7777777777777778
935,0.5917278185456971,0.2,0.0,0.016129032258064516,0.888888888888889
936,0.5063375583722481,0.2,0.3684210526315789,0.06451612903225806,0.0
937,0.3775850567044696,0.76,0.3157894736842105,0.3387096774193548,0.5555555555555556
938,0.2935290193462308,0.6,0.3684210526315789,0.3548387096774194,0.5555555555555556
939,0.6784523015343562,0.68,0.5789473684210527,0.27419354838709675,0.2222222222222222
940,0.32421614409606403,0.36,0.3157894736842105,0.43548387096774194,0.11111111111111112
941,0.7304869913275517,0.24000000000000005,0.21052631578947367,0.46774193548387094,0.0
942,0.13875917278185457,0.76,0.0,0.8709677419354839,0.6666666666666666
943,0.15076717811874582,0.0,0.05263157894736842,0.06451612903225806,0.6666666666666666
944,0.1741160773849233,0.0,0.21052631578947367,0.04838709677419355,0.7777777777777778
945,0.09539693128752502,0.8400000000000001,0.0,0.0967741935483871,0.2222222222222222
946,0.247498332221481,0.48,0.0,0.8709677419354839,0.5555555555555556
947,0.5650433622414943,0.64,0.21052631578947367,0.6774193548387096,0.7777777777777778
948,0.7731821214142762,0.8800000000000001,0.9473684210526315,1.0,0.6666666666666666
949,0.5063375583722481,0.27999999999999997,0.0,0.9516129032258065,0.4444444444444445
950,0.02935290193462308,0.44000000000000006,0.2631578947368421,0.5967741935483871,0.0
951,0.7138092061374249,0.039999999999999994,0.3684210526315789,0.16129032258064516,0.11111111111111112
952,0.12675116744496331,0.96,0.42105263157894735,0.5806451612903226,0.888888888888889
953,0.36891260840560375,0.8,0.631578947368421,0.016129032258064516,0.5555555555555556
954,0.8485657104736491,0.76,0.2631578947368421,0.0967741935483871,0.0
955,0.9279519679786524,0.32,0.5263157894736842,0.3387096774193548,0.33333333333333337
956,0.2915276851234156,0.4,0.10526315789473684,0.6774193548387096,0.7777777777777778
957,0.2755170113408939,0.96,0.6842105263157895,0.5161290322580645,0.6666666666666666
958,0.3775850567044696,0.16,0.21052631578947367,0.6612903225806451,0.33333333333333337
959,0.2268178785857238,0.44000000000000006,0.0,0.08064516129032258,0.888888888888889
960,0.1400933955970647,0.72,0.05263157894736842,0.3548387096774194,0.33333333333333337
961,0.08205470313542361,0.0,0.2631578947368421,0.43548387096774194,0.888888888888889
962,0.133422281521014,0.32,0.10526315789473684,0.6129032258064516,0.0
963,0.33022014676450967,0.8400000000000001,0.21052631578947367,0.08064516129032258,0.7777777777777778
964,0.5503669112741828,0.32,0.5263157894736842,0.5,0.888888888888889
965,0.9886591060707138,0.8400000000000001,0.3684210526315789,0.6612903225806451,0.2222222222222222
966,0.6010673782521682,0.8800000000000001,0.0,0.22580645161290322,0.0
967,0.09072715143428953,0.8400000000000001,0.3684210526315789,0.8548387096774194,0.2222222222222222
968,0.7585056704469646,0.039999999999999994,0.631578947368421,0.8870967741935484,0.4444444444444445
969,0.3575717144763175,0.16,0.8421052631578947,0.11290322580645161,0.11111111111111112
970,0.4983322214809873,0.64,0.5263157894736842,0.9838709677419355,0.0
971,0.47164776517678453,0.24000000000000005,0.47368421052631576,0.8709677419354839,0.0
972,0.4656437625083389,0.0,0.0,0.46774193548387094,0.5555555555555556
973,0.8645763842561708,0.0,0.0,0.6774193548387096,0.11111111111111112
974,0.9039359573048699,0.2,0.42105263157894735,0.9032258064516129,0.888888888888889
975,0.705136757838559,0.44000000000000006,0.3684210526315789,0.3870967741935484,0.2222222222222222
976,0.3055370246831221,0.0,0.0,0.7258064516129032,0.6666666666666666
977,0.9219479653102068,0.64,0.0,0.24193548387096775,0.0
978,0.6597731821214142,0.0,0.3684210526315789,0.9354838709677419,0.7777777777777778
979,0.9873248832555037,0.0,0.3684210526315789,0.20967741935483872,0.33333333333333337
980,0.4903268845897265,0.52,0.15789473684210525,0.3064516129032258,0.4444444444444445
981,0.21947965310206805,0.8400000000000001,0.5789473684210527,0.12903225806451613,0.0
982,0.9993328885923949,0.0,0.3157894736842105,0.7258064516129032,0.11111111111111112
983,0.8765843895930621,0.44000000000000006,0.3157894736842105,0.016129032258064516,0.6666666666666666
984,0.8078719146097398,0.0,0.05263157894736842,0.16129032258064516,1.0
985,0.314209472981988,0.64,0.47368421052631576,0.08064516129032258,0.2222222222222222
986,0.3275517011340894,0.8400000000000001,0.0,0.27419354838709675,0.4444444444444445
987,0.2701801200800534,0.5599999999999999,0.5789473684210527,0.16129032258064516,0.6666666666666666
988,0.7691794529686458,0.32,0.0,0.7580645161290323,0.6666666666666666
989,0.09006004002668445,0.5599999999999999,0.0,0.8870967741935484,1.0
990,0.8719146097398266,0.27999999999999997,0.21052631578947367,0.5645161290322581,0.7777777777777778
991,0.8652434956637759,0.8400000000000001,0.21052631578947367,0.6451612903225806,0.5555555555555556
992,0.9306204136090727,0.0,0.0,0.967741935483871,0.888888888888889
993,0.04469646430953969,0.8800000000000001,0.7368421052631579,0.8709677419354839,0.33333333333333337
994,0.29086057371581053,0.36,0.0,0.7096774193548387,0.7777777777777778
995,0.800533689126084,0.5599999999999999,0.0,0.8387096774193549,0.4444444444444445
996,0.07271514342895263,0.52,0.0,0.1774193548387097,0.888888888888889
997,0.45697131420947296,0.36,0.05263157894736842,0.0967741935483871,0.4444444444444445
998,0.6891260840560374,0.0,0.0,0.7741935483870968,0.33333333333333337
999,0.513675783855904,0.0,0.21052631578947367,0.532258064516129,0.0
